{"slotLength": 10.0, "gap": 0.01, "timelimit": 50400, "numChans": 3, "slotframeLength": 5, "simulationTopology": {"0": {"y": 1.25, "x": 1.25, "reliability": {"QAM_16_FEC_3_4": {"1": 0.0, "2": 0.0}, "QPSK_FEC_1_2": {"1": 0.0, "2": 0.0}, "QAM_16_FEC_1_2": {"1": 0.0, "2": 0.0}, "QPSK_FEC_1_2_FR_2": {"1": 0.995, "2": 0.0}, "QPSK_FEC_3_4": {"1": 0.0, "2": 0.0}}, "parent": null, "links": {"1": -114.57033953222206, "2": -124.3835415962265}}, "1": {"y": 1.7011009266145116, "x": 1.9325243742949807, "reliability": {"QAM_16_FEC_3_4": {"0": 0.0, "2": 0.0}, "QPSK_FEC_1_2": {"0": 0.0, "2": 0.0}, "QAM_16_FEC_1_2": {"0": 0.0, "2": 0.0}, "QPSK_FEC_1_2_FR_2": {"0": 0.995, "2": 1.0}, "QPSK_FEC_3_4": {"0": 0.0, "2": 0.0}}, "parent": 0, "links": {"0": -114.57033953222206, "2": -113.01301894944879}}, "2": {"y": 2.3521159833959278, "x": 2.2884740288045076, "reliability": {"QAM_16_FEC_3_4": {"0": 0.0, "1": 0.0}, "QPSK_FEC_1_2": {"0": 0.0, "1": 0.0}, "QAM_16_FEC_1_2": {"0": 0.0, "1": 0.0}, "QPSK_FEC_1_2_FR_2": {"0": 0.0, "1": 1.0}, "QPSK_FEC_3_4": {"0": 0.0, "1": 0.0}}, "parent": 1, "links": {"0": -124.3835415962265, "1": -113.01301894944879}}}, "threads": 1, "omega": 0.6, "modulationSlots": {"QAM_16_FEC_3_4": 1, "QAM_16_FEC_1_2": 2, "QPSK_FEC_3_4": 2, "QPSK_FEC_1_2_FR_2": 3, "QPSK_FEC_1_2": 2}}